ts,host_mem_total_bytes,host_mem_used_bytes,host_mem_available_bytes,server_rss_kib,server_vsz_kib
2026-05-21T08:48:33Z,133975171072,3510968320,130464202752,3604,7880
2026-05-21T08:48:34Z,133975171072,3804045312,130171125760,3604,7880
2026-05-21T08:48:35Z,133975171072,3593662464,130381508608,3604,7880
2026-05-21T08:48:36Z,133975171072,3785576448,130189594624,3604,7880
2026-05-21T08:48:37Z,133975171072,3623288832,130351882240,3640,7880
2026-05-21T08:48:38Z,133975171072,3829878784,130145292288,3640,7880
2026-05-21T08:48:39Z,133975171072,3600420864,130374750208,36940,47916
2026-05-21T08:48:40Z,133975171072,3816357888,130158813184,514920,5038664
2026-05-21T08:48:41Z,133975171072,3883466752,130091704320,630312,5261776
2026-05-21T08:48:42Z,133975171072,3961151488,130014019584,742780,5937908
2026-05-21T08:48:43Z,133975171072,4005625856,129969545216,799596,7703708
2026-05-21T08:48:44Z,133975171072,4078919680,129896251392,867220,8006412
2026-05-21T08:48:45Z,133975171072,4125691904,129849479168,919908,8060044
2026-05-21T08:48:46Z,133975171072,4199411712,129775759360,1009160,8177412
2026-05-21T08:48:47Z,133975171072,4472434688,129502736384,1144880,8391652
2026-05-21T08:48:48Z,133975171072,4923293696,129051877376,1144880,8391652
2026-05-21T08:48:49Z,133975171072,5003071488,128972099584,1144880,8391652
2026-05-21T08:48:50Z,133975171072,5092753408,128882417664,1144880,8391652
2026-05-21T08:48:51Z,133975171072,5116547072,128858624000,1144880,8391652
2026-05-21T08:48:52Z,133975171072,5203070976,128772100096,1145040,8391652
2026-05-21T08:48:53Z,133975171072,5449297920,128525873152,1145040,8391652
2026-05-21T08:48:54Z,133975171072,5548728320,128426442752,1145040,8391652
2026-05-21T08:48:55Z,133975171072,5602193408,128372977664,1145040,8391652
2026-05-21T08:48:56Z,133975171072,5642588160,128332582912,1145040,8391652
2026-05-21T08:48:57Z,133975171072,7101145088,126874025984,1145040,8391652
2026-05-21T08:48:58Z,133975171072,8975003648,125000167424,1145040,8391652
2026-05-21T08:48:59Z,133975171072,10228670464,123746500608,1145040,8391652
2026-05-21T08:49:00Z,133975171072,11523649536,122451521536,1145040,8391652
2026-05-21T08:49:01Z,133975171072,12968390656,121006780416,1145040,8391652
2026-05-21T08:49:02Z,133975171072,13891551232,120083619840,1145040,8391652
2026-05-21T08:49:03Z,133975171072,9467834368,124507336704,1145040,8391652
2026-05-21T08:49:04Z,133975171072,9451536384,124523634688,1145040,8391652
2026-05-21T08:49:05Z,133975171072,9435242496,124539928576,1145040,8391652
2026-05-21T08:49:06Z,133975171072,9419984896,124555186176,1145040,8391652
2026-05-21T08:49:07Z,133975171072,9403920384,124571250688,1145040,8391652
2026-05-21T08:49:08Z,133975171072,9387651072,124587520000,1145040,8391652
2026-05-21T08:49:09Z,133975171072,9371029504,124604141568,1145040,8391652
2026-05-21T08:49:10Z,133975171072,9355018240,124620152832,1145040,8391652
2026-05-21T08:49:11Z,133975171072,9414676480,124560494592,1145040,8391652
2026-05-21T08:49:12Z,133975171072,9433952256,124541218816,1145040,8391652
2026-05-21T08:49:13Z,133975171072,9458745344,124516425728,1145040,8391652
2026-05-21T08:49:14Z,133975171072,9467260928,124507910144,1145040,8391652
2026-05-21T08:49:15Z,133975171072,10696646656,123278524416,1145040,8391652
2026-05-21T08:49:16Z,133975171072,11230031872,122745139200,1145040,8391652
2026-05-21T08:49:17Z,133975171072,12254507008,121720664064,1145040,8391652
2026-05-21T08:49:18Z,133975171072,12954861568,121020309504,1145040,8391652
2026-05-21T08:49:19Z,133975171072,13416386560,120558784512,1145040,8391652
2026-05-21T08:49:20Z,133975171072,14111272960,119863898112,1145040,8391652
2026-05-21T08:49:21Z,133975171072,14417092608,119558078464,1145040,8391652
2026-05-21T08:49:22Z,133975171072,15732015104,118243155968,1145040,8391652
2026-05-21T08:49:23Z,133975171072,16173285376,117801885696,1145040,8391652
2026-05-21T08:49:24Z,133975171072,16764796928,117210374144,1145040,8391652
2026-05-21T08:49:25Z,133975171072,16872103936,117103067136,1145040,8391652
2026-05-21T08:49:26Z,133975171072,17114689536,116860481536,1145040,8391652
2026-05-21T08:49:27Z,133975171072,17213050880,116762120192,1145040,8391652
2026-05-21T08:49:28Z,133975171072,17792589824,116182581248,1145040,8391652
2026-05-21T08:49:29Z,133975171072,17411088384,116564082688,1145040,8391652
2026-05-21T08:49:31Z,133975171072,17757138944,116218032128,1145040,8391652
2026-05-21T08:49:32Z,133975171072,18156371968,115818799104,1145040,8391652
2026-05-21T08:49:33Z,133975171072,18801082368,115174088704,1145040,8391652
2026-05-21T08:49:34Z,133975171072,17963757568,116011413504,1145040,8391652
2026-05-21T08:49:35Z,133975171072,18073960448,115901210624,1145040,8391652
2026-05-21T08:49:36Z,133975171072,18144628736,115830542336,1207152,8602528
2026-05-21T08:49:37Z,133975171072,18205827072,115769344000,1378332,9656620
2026-05-21T08:49:38Z,133975171072,18179796992,115795374080,1378448,9656620
2026-05-21T08:49:39Z,133975171072,18316009472,115659161600,1378448,9656620
2026-05-21T08:49:40Z,133975171072,18323742720,115651428352,1378448,9656620
2026-05-21T08:49:41Z,133975171072,18468401152,115506769920,1378476,9656620
2026-05-21T08:49:42Z,133975171072,18529402880,115445768192,1379216,9656620
2026-05-21T08:49:43Z,133975171072,18532409344,115442761728,1379252,9656620
2026-05-21T08:49:44Z,133975171072,18581823488,115393347584,1379432,9656620
2026-05-21T08:49:45Z,133975171072,18574397440,115400773632,1379432,9656620
2026-05-21T08:49:46Z,133975171072,18572238848,115402932224,1379480,9656620
2026-05-21T08:49:47Z,133975171072,18569035776,115406135296,1379520,9656620
2026-05-21T08:49:48Z,133975171072,18578903040,115396268032,1379520,9656620
2026-05-21T08:49:49Z,133975171072,18704662528,115270508544,1379900,9656620
2026-05-21T08:49:50Z,133975171072,18719830016,115255341056,1379900,9656620
2026-05-21T08:49:51Z,133975171072,18709893120,115265277952,1379900,9656620
2026-05-21T08:49:52Z,133975171072,18690916352,115284254720,1379976,9656620
2026-05-21T08:49:53Z,133975171072,18669752320,115305418752,1379976,9656620
2026-05-21T08:49:54Z,133975171072,18647633920,115327537152,1379976,9656620
2026-05-21T08:49:55Z,133975171072,18635005952,115340165120,1380124,9656620
2026-05-21T08:49:56Z,133975171072,18624737280,115350433792,1380124,9656620
2026-05-21T08:49:57Z,133975171072,18771324928,115203846144,1380804,9656620
2026-05-21T08:49:58Z,133975171072,18827767808,115147403264,1380804,9656620
2026-05-21T08:49:59Z,133975171072,18827796480,115147374592,1380804,9656620
2026-05-21T08:50:00Z,133975171072,18809577472,115165593600,1380804,9656620
2026-05-21T08:50:01Z,133975171072,18799943680,115175227392,1380804,9656620
2026-05-21T08:50:02Z,133975171072,18775846912,115199324160,1380804,9656620
2026-05-21T08:50:03Z,133975171072,18735022080,115240148992,1381100,9656620
2026-05-21T08:50:04Z,133975171072,18711388160,115263782912,1381100,9656620
2026-05-21T08:50:05Z,133975171072,18703974400,115271196672,1381100,9656620
2026-05-21T08:50:06Z,133975171072,18666168320,115309002752,1381100,9656620
2026-05-21T08:50:07Z,133975171072,18637402112,115337768960,1381100,9656620
2026-05-21T08:50:08Z,133975171072,18618937344,115356233728,1381100,9656620
2026-05-21T08:50:09Z,133975171072,18614198272,115360972800,1381184,9656620
2026-05-21T08:50:10Z,133975171072,18591092736,115384078336,1381184,9656620
2026-05-21T08:50:11Z,133975171072,18570133504,115405037568,1381184,9656620
2026-05-21T08:50:12Z,133975171072,18556936192,115418234880,1381184,9656620
2026-05-21T08:50:13Z,133975171072,18542268416,115432902656,1381184,9656620
2026-05-21T08:50:14Z,133975171072,18751021056,115224150016,1382336,9656620
2026-05-21T08:50:15Z,133975171072,18804068352,115171102720,1382336,9656620
2026-05-21T08:50:16Z,133975171072,18803277824,115171893248,1382336,9656620
2026-05-21T08:50:17Z,133975171072,18802176000,115172995072,1382336,9656620
2026-05-21T08:50:18Z,133975171072,18799288320,115175882752,1382336,9656620
2026-05-21T08:50:19Z,133975171072,18790256640,115184914432,1382336,9656620
2026-05-21T08:50:20Z,133975171072,18776363008,115198808064,1382336,9656620
2026-05-21T08:50:21Z,133975171072,18759548928,115215622144,1382336,9656620
2026-05-21T08:50:22Z,133975171072,18743291904,115231879168,1382336,9656620
2026-05-21T08:50:23Z,133975171072,18726498304,115248672768,1382336,9656620
2026-05-21T08:50:24Z,133975171072,18710224896,115264946176,1382336,9656620
2026-05-21T08:50:25Z,133975171072,18693402624,115281768448,1382336,9656620
2026-05-21T08:50:26Z,133975171072,18677370880,115297800192,1382912,9656620
2026-05-21T08:50:27Z,133975171072,18661842944,115313328128,1382912,9656620
2026-05-21T08:50:28Z,133975171072,18647576576,115327594496,1382912,9656620
2026-05-21T08:50:29Z,133975171072,18634342400,115340828672,1382912,9656620
2026-05-21T08:50:30Z,133975171072,18623082496,115352088576,1382912,9656620
2026-05-21T08:50:31Z,133975171072,18613022720,115362148352,1382912,9656620
2026-05-21T08:50:32Z,133975171072,18604429312,115370741760,1382912,9656620
2026-05-21T08:50:33Z,133975171072,18596745216,115378425856,1382912,9656620
2026-05-21T08:50:34Z,133975171072,18585886720,115389284352,1382912,9656620
2026-05-21T08:50:35Z,133975171072,18583203840,115391967232,1382912,9656620
2026-05-21T08:50:36Z,133975171072,18580443136,115394727936,1382912,9656620
2026-05-21T08:50:37Z,133975171072,18574807040,115400364032,1382924,9656620
2026-05-21T08:50:38Z,133975171072,18572828672,115402342400,1382924,9656620
2026-05-21T08:50:39Z,133975171072,18572570624,115402600448,1382924,9656620
2026-05-21T08:50:40Z,133975171072,18572861440,115402309632,1382924,9656620
2026-05-21T08:50:41Z,133975171072,18572595200,115402575872,1382924,9656620
2026-05-21T08:50:42Z,133975171072,18572840960,115402330112,1382924,9656620
2026-05-21T08:50:43Z,133975171072,18572840960,115402330112,1382924,9656620
2026-05-21T08:50:44Z,133975171072,18572840960,115402330112,1382924,9656620
2026-05-21T08:50:45Z,133975171072,18572808192,115402362880,1382924,9656620
2026-05-21T08:50:46Z,133975171072,18572800000,115402371072,1382924,9656620
2026-05-21T08:50:47Z,133975171072,18573058048,115402113024,1382924,9656620
2026-05-21T08:50:48Z,133975171072,18573058048,115402113024,1382924,9656620
2026-05-21T08:50:49Z,133975171072,18212864000,115762307072,1382924,9656620
2026-05-21T08:50:50Z,133975171072,18342727680,115632443392,1382924,9656620
2026-05-21T08:50:51Z,133975171072,18409545728,115565625344,1382924,9656620
2026-05-21T08:50:52Z,133975171072,18589966336,115385204736,1382924,9656620
2026-05-21T08:50:53Z,133975171072,18590158848,115385012224,1382924,9656620
2026-05-21T08:50:54Z,133975171072,18587811840,115387359232,1382924,9656620
2026-05-21T08:50:55Z,133975171072,18585972736,115389198336,1382924,9656620
2026-05-21T08:50:56Z,133975171072,18584018944,115391152128,1382924,9656620
2026-05-21T08:50:57Z,133975171072,18581692416,115393478656,1382924,9656620
2026-05-21T08:50:58Z,133975171072,18579546112,115395624960,1382924,9656620
2026-05-21T08:50:59Z,133975171072,18578497536,115396673536,1382924,9656620
2026-05-21T08:51:00Z,133975171072,18576883712,115398287360,1382924,9656620
2026-05-21T08:51:01Z,133975171072,18575486976,115399684096,1382924,9656620
2026-05-21T08:51:02Z,133975171072,18574647296,115400523776,1382924,9656620
2026-05-21T08:51:03Z,133975171072,18573570048,115401601024,1382924,9656620
2026-05-21T08:51:04Z,133975171072,18572636160,115402534912,1382924,9656620
2026-05-21T08:51:05Z,133975171072,18571919360,115403251712,1382924,9656620
2026-05-21T08:51:06Z,133975171072,18571403264,115403767808,1382924,9656620
2026-05-21T08:51:07Z,133975171072,18570694656,115404476416,1382924,9656620
2026-05-21T08:51:08Z,133975171072,18571116544,115404054528,1382924,9656620
2026-05-21T08:51:09Z,133975171072,18571431936,115403739136,1382924,9656620
2026-05-21T08:51:10Z,133975171072,18570518528,115404652544,1382924,9656620
2026-05-21T08:51:11Z,133975171072,18570244096,115404926976,1382924,9656620
2026-05-21T08:51:12Z,133975171072,18570002432,115405168640,1382924,9656620
2026-05-21T08:51:13Z,133975171072,18569187328,115405983744,1382928,9656620
2026-05-21T08:51:14Z,133975171072,18569015296,115406155776,1382928,9656620
2026-05-21T08:51:16Z,133975171072,18568855552,115406315520,1382928,9656620
2026-05-21T08:51:17Z,133975171072,18568855552,115406315520,1382928,9656620
2026-05-21T08:51:18Z,133975171072,18568744960,115406426112,1382928,9656620
2026-05-21T08:51:19Z,133975171072,18568740864,115406430208,1382956,9656620
2026-05-21T08:51:20Z,133975171072,18568712192,115406458880,1382956,9656620
2026-05-21T08:51:21Z,133975171072,18568712192,115406458880,1382956,9656620
2026-05-21T08:51:22Z,133975171072,18568712192,115406458880,1382956,9656620
2026-05-21T08:51:23Z,133975171072,18568712192,115406458880,1382956,9656620
2026-05-21T08:51:24Z,133975171072,18568712192,115406458880,1382956,9656620
2026-05-21T08:51:25Z,133975171072,18568712192,115406458880,1382960,9656620
2026-05-21T08:51:26Z,133975171072,18568675328,115406495744,1382960,9656620
2026-05-21T08:51:27Z,133975171072,18568675328,115406495744,1382960,9656620
2026-05-21T08:51:28Z,133975171072,18568675328,115406495744,1382960,9656620
2026-05-21T08:51:29Z,133975171072,18568933376,115406237696,1382960,9656620
2026-05-21T08:51:30Z,133975171072,18568900608,115406270464,1382960,9656620
2026-05-21T08:51:31Z,133975171072,18248806400,115726364672,1382960,9656620
2026-05-21T08:51:32Z,133975171072,18350010368,115625160704,1382960,9656620
2026-05-21T08:51:33Z,133975171072,18433220608,115541950464,1382960,9656620
2026-05-21T08:51:34Z,133975171072,18602754048,115372417024,1382960,9656620
2026-05-21T08:51:35Z,133975171072,18602012672,115373158400,1382960,9656620
2026-05-21T08:51:36Z,133975171072,18601390080,115373780992,1382960,9656620
2026-05-21T08:51:37Z,133975171072,18777948160,115197222912,1382960,9656620
2026-05-21T08:51:38Z,133975171072,18778914816,115196256256,1382960,9656620
2026-05-21T08:51:39Z,133975171072,18959523840,115015647232,1382960,9656620
2026-05-21T08:51:40Z,133975171072,18959540224,115015630848,1382964,9656620
2026-05-21T08:51:41Z,133975171072,18959527936,115015643136,1382964,9656620
2026-05-21T08:51:42Z,133975171072,18959527936,115015643136,1382964,9656620
2026-05-21T08:51:43Z,133975171072,18959527936,115015643136,1382964,9656620
2026-05-21T08:51:44Z,133975171072,18959360000,115015811072,1382964,9656620
2026-05-21T08:51:45Z,133975171072,18959069184,115016101888,1382964,9656620
2026-05-21T08:51:46Z,133975171072,18958979072,115016192000,1382964,9656620
2026-05-21T08:51:47Z,133975171072,18958471168,115016699904,1382964,9656620
2026-05-21T08:51:48Z,133975171072,18958200832,115016970240,1382964,9656620
2026-05-21T08:51:49Z,133975171072,18956025856,115019145216,1382964,9656620
2026-05-21T08:51:50Z,133975171072,18953486336,115021684736,1382964,9656620
2026-05-21T08:51:51Z,133975171072,18951135232,115024035840,1382964,9656620
2026-05-21T08:51:52Z,133975171072,18947293184,115027877888,1382964,9656620
2026-05-21T08:51:53Z,133975171072,18945392640,115029778432,1382968,9656620
2026-05-21T08:51:54Z,133975171072,18946084864,115029086208,1382968,9656620
2026-05-21T08:51:55Z,133975171072,18944815104,115030355968,1382968,9656620
2026-05-21T08:51:56Z,133975171072,18943311872,115031859200,1382968,9656620
2026-05-21T08:51:57Z,133975171072,18942967808,115032203264,1382968,9656620
2026-05-21T08:51:58Z,133975171072,18941968384,115033202688,1382968,9656620
2026-05-21T08:51:59Z,133975171072,18941009920,115034161152,1382968,9656620
2026-05-21T08:52:00Z,133975171072,18941095936,115034075136,1382968,9656620
2026-05-21T08:52:01Z,133975171072,18939707392,115035463680,1382968,9656620
2026-05-21T08:52:02Z,133975171072,18939719680,115035451392,1382968,9656620
2026-05-21T08:52:03Z,133975171072,18938458112,115036712960,1382968,9656620
2026-05-21T08:52:04Z,133975171072,18938122240,115037048832,1382976,9656620
2026-05-21T08:52:05Z,133975171072,18938769408,115036401664,1382976,9656620
2026-05-21T08:52:06Z,133975171072,18938609664,115036561408,1382976,9656620
2026-05-21T08:52:07Z,133975171072,18939138048,115036033024,1382976,9656620
2026-05-21T08:52:08Z,133975171072,18938626048,115036545024,1382976,9656620
2026-05-21T08:52:09Z,133975171072,18938535936,115036635136,1382976,9656620
2026-05-21T08:52:10Z,133975171072,18939031552,115036139520,1382976,9656620
2026-05-21T08:52:11Z,133975171072,18938322944,115036848128,1382976,9656620
2026-05-21T08:52:12Z,133975171072,18937802752,115037368320,1382976,9656620
2026-05-21T08:52:13Z,133975171072,18938228736,115036942336,1382976,9656620
2026-05-21T08:52:14Z,133975171072,18937827328,115037343744,1382976,9656620
2026-05-21T08:52:15Z,133975171072,18937704448,115037466624,1382976,9656620
2026-05-21T08:52:16Z,133975171072,18938478592,115036692480,1382976,9656620
2026-05-21T08:52:17Z,133975171072,18938306560,115036864512,1382976,9656620
2026-05-21T08:52:18Z,133975171072,18938142720,115037028352,1382976,9656620
2026-05-21T08:52:19Z,133975171072,18938765312,115036405760,1382976,9656620
2026-05-21T08:52:20Z,133975171072,18938527744,115036643328,1382976,9656620
2026-05-21T08:52:21Z,133975171072,18938613760,115036557312,1382976,9656620
2026-05-21T08:52:22Z,133975171072,18938458112,115036712960,1382976,9656620
2026-05-21T08:52:23Z,133975171072,18937937920,115037233152,1382976,9656620
2026-05-21T08:52:24Z,133975171072,18937937920,115037233152,1382976,9656620
2026-05-21T08:52:25Z,133975171072,18937905152,115037265920,1382976,9656620
2026-05-21T08:52:26Z,133975171072,18938671104,115036499968,1382976,9656620
2026-05-21T08:52:27Z,133975171072,18938499072,115036672000,1382976,9656620
2026-05-21T08:52:28Z,133975171072,18938667008,115036504064,1382976,9656620
2026-05-21T08:52:29Z,133975171072,18938535936,115036635136,1382976,9656620
2026-05-21T08:52:30Z,133975171072,18938351616,115036819456,1382976,9656620
2026-05-21T08:52:31Z,133975171072,18938130432,115037040640,1382976,9656620
2026-05-21T08:52:32Z,133975171072,18937368576,115037802496,1382976,9656620
2026-05-21T08:52:33Z,133975171072,18937520128,115037650944,1382976,9656620
2026-05-21T08:52:34Z,133975171072,18938142720,115037028352,1382976,9656620
2026-05-21T08:52:35Z,133975171072,18937856000,115037315072,1382976,9656620
2026-05-21T08:52:36Z,133975171072,18937688064,115037483008,1382976,9656620
2026-05-21T08:52:37Z,133975171072,18937442304,115037728768,1382976,9656620
2026-05-21T08:52:38Z,133975171072,18937409536,115037761536,1382976,9656620
2026-05-21T08:52:39Z,133975171072,18937208832,115037962240,1382976,9656620
2026-05-21T08:52:40Z,133975171072,18945286144,115029884928,1382976,9656620
2026-05-21T08:52:41Z,133975171072,18946031616,115029139456,1382976,9656620
2026-05-21T08:52:42Z,133975171072,18945503232,115029667840,1382976,9656620
2026-05-21T08:52:43Z,133975171072,18947145728,115028025344,1382976,9656620
2026-05-21T08:52:44Z,133975171072,18948694016,115026477056,1382976,9656620
2026-05-21T08:52:45Z,133975171072,18948460544,115026710528,1382976,9656620
2026-05-21T08:52:46Z,133975171072,18948030464,115027140608,1382976,9656620
2026-05-21T08:52:47Z,133975171072,18947350528,115027820544,1382976,9656620
2026-05-21T08:52:48Z,133975171072,18946236416,115028934656,1382976,9656620
2026-05-21T08:52:49Z,133975171072,18946998272,115028172800,1382976,9656620
2026-05-21T08:52:50Z,133975171072,18947051520,115028119552,1382976,9656620
2026-05-21T08:52:51Z,133975171072,18947289088,115027881984,1382980,9656620
2026-05-21T08:52:52Z,133975171072,18947121152,115028049920,1382980,9656620
2026-05-21T08:52:53Z,133975171072,18947620864,115027550208,1382980,9656620
2026-05-21T08:52:54Z,133975171072,18947321856,115027849216,1382980,9656620
2026-05-21T08:52:55Z,133975171072,18947035136,115028135936,1382980,9656620
2026-05-21T08:52:56Z,133975171072,18946945024,115028226048,1382980,9656620
2026-05-21T08:52:57Z,133975171072,18947588096,115027582976,1382980,9656620
2026-05-21T08:52:58Z,133975171072,18947129344,115028041728,1382980,9656620
2026-05-21T08:52:59Z,133975171072,18948591616,115026579456,1382980,9656620
2026-05-21T08:53:00Z,133975171072,18746290176,115228880896,1382984,9656620
2026-05-21T08:53:01Z,133975171072,7043764224,126931406848,1384132,9657576
